dt1,open,high,low,close,volume
2023-01-09 08:00:00,1311.93,1318.7,1308.34,1310.16,21275.0432
2023-01-09 09:00:00,1310.16,1325.0,1309.47,1317.25,30824.4814
2023-01-09 10:00:00,1317.26,1327.5,1316.44,1322.77,25971.3901
2023-01-09 11:00:00,1322.76,1324.24,1317.24,1318.27,15691.8591
2023-01-09 12:00:00,1318.28,1322.45,1315.44,1319.88,16209.4468
2023-01-09 13:00:00,1319.89,1325.79,1316.45,1319.57,17511.0879
2023-01-09 14:00:00,1319.58,1331.42,1316.21,1326.06,30959.223
2023-01-09 15:00:00,1326.05,1341.86,1323.19,1335.68,48879.9713
2023-01-09 16:00:00,1335.69,1344.89,1335.68,1337.9,36174.9204
2023-01-09 17:00:00,1337.9,1344.51,1336.48,1341.56,16748.7533
2023-01-09 18:00:00,1341.56,1344.91,1331.33,1334.99,28206.2913
2023-01-09 19:00:00,1335.0,1335.46,1330.11,1330.12,13165.3884
2023-01-09 20:00:00,1330.11,1331.62,1316.42,1321.53,31349.2045
2023-01-09 21:00:00,1321.54,1325.11,1316.39,1318.61,15156.6189
2023-01-09 22:00:00,1318.6,1324.0,1317.48,1320.92,10397.5406
2023-01-09 23:00:00,1320.93,1323.0,1315.08,1320.39,10243.1074
2023-01-10 00:00:00,1320.4,1327.5,1320.3,1327.42,15122.7975
2023-01-10 01:00:00,1327.42,1329.45,1322.6,1324.64,32162.7667
2023-01-10 02:00:00,1324.63,1328.25,1316.8,1321.26,27140.6952
2023-01-10 03:00:00,1321.26,1325.0,1319.39,1324.71,11657.891
2023-01-10 04:00:00,1324.71,1328.38,1323.0,1328.15,25146.2685
2023-01-10 05:00:00,1328.15,1328.68,1323.65,1327.15,24204.2616
2023-01-10 06:00:00,1327.16,1327.38,1322.7,1324.91,12459.728
2023-01-10 07:00:00,1324.92,1325.27,1322.49,1323.23,8992.9818
2023-01-10 08:00:00,1323.22,1332.35,1321.7,1328.31,19769.5719
2023-01-10 09:00:00,1328.31,1331.96,1326.83,1329.89,9017.2374
2023-01-10 10:00:00,1329.9,1334.73,1328.85,1333.77,10401.0689
2023-01-10 11:00:00,1333.77,1333.87,1328.53,1329.32,13887.3384
2023-01-10 12:00:00,1329.32,1330.16,1324.85,1325.63,10120.1262
2023-01-10 13:00:00,1325.63,1329.01,1323.07,1328.28,15961.8542
2023-01-10 14:00:00,1328.29,1337.0,1324.58,1332.12,32931.2399
2023-01-10 15:00:00,1332.13,1340.9,1328.68,1333.97,31704.685
2023-01-10 16:00:00,1333.97,1334.75,1328.0,1330.27,27193.3901
2023-01-10 17:00:00,1330.27,1332.54,1329.0,1331.95,13837.4544
2023-01-10 18:00:00,1331.94,1342.27,1331.55,1341.08,30857.1627
2023-01-10 19:00:00,1341.08,1344.04,1338.5,1339.48,22563.0593
2023-01-10 20:00:00,1339.48,1347.69,1335.08,1341.98,22371.3361
2023-01-10 21:00:00,1341.97,1343.21,1338.76,1339.01,14307.3162
2023-01-10 22:00:00,1339.0,1339.45,1334.45,1334.46,11972.083
2023-01-10 23:00:00,1334.45,1338.17,1333.8,1335.62,15877.9167
2023-01-11 00:00:00,1335.63,1340.39,1334.3,1337.75,12866.9554
2023-01-11 01:00:00,1337.75,1341.5,1335.0,1337.92,12027.7192
2023-01-11 02:00:00,1337.92,1338.45,1330.14,1330.2,16051.7099
2023-01-11 03:00:00,1330.21,1332.09,1327.29,1331.07,19393.3591
2023-01-11 04:00:00,1331.07,1332.41,1329.0,1330.56,9040.1825
2023-01-11 05:00:00,1330.56,1334.17,1329.92,1330.87,6772.5078
2023-01-11 06:00:00,1330.87,1333.88,1327.19,1333.51,16196.4637
2023-01-11 07:00:00,1333.51,1335.7,1332.73,1335.52,9480.8077
2023-01-11 08:00:00,1335.53,1335.77,1331.39,1334.67,12381.6658
2023-01-11 09:00:00,1334.67,1337.69,1334.41,1335.13,7281.7099
2023-01-11 10:00:00,1335.12,1338.2,1334.38,1336.13,7356.814
2023-01-11 11:00:00,1336.13,1338.06,1334.0,1336.45,14232.1779
2023-01-11 12:00:00,1336.44,1336.45,1332.0,1332.47,9052.0538
2023-01-11 13:00:00,1332.48,1335.72,1329.78,1333.26,8561.6252
2023-01-11 14:00:00,1333.27,1334.65,1328.66,1332.51,14291.4935
2023-01-11 15:00:00,1332.51,1334.98,1321.04,1323.04,27697.1144
2023-01-11 16:00:00,1323.05,1327.34,1321.86,1325.01,14253.3807
2023-01-11 17:00:00,1325.0,1329.19,1324.43,1327.57,7434.5155
2023-01-11 18:00:00,1327.57,1345.0,1327.52,1337.72,38723.7337
2023-01-11 19:00:00,1337.72,1344.56,1335.14,1342.92,22737.1782
2023-01-11 20:00:00,1342.91,1345.0,1340.44,1341.56,23701.0094
2023-01-11 21:00:00,1341.56,1344.74,1339.43,1342.63,21599.5192
2023-01-11 22:00:00,1342.63,1360.0,1340.39,1349.32,58171.764
2023-01-11 23:00:00,1349.33,1398.0,1349.32,1389.39,83160.4951
2023-01-12 00:00:00,1389.4,1418.77,1386.0,1415.23,77872.9296
2023-01-12 01:00:00,1415.22,1416.39,1397.09,1401.46,64540.1168
2023-01-12 02:00:00,1401.46,1408.5,1396.93,1399.59,35465.9517
2023-01-12 03:00:00,1399.59,1403.41,1398.86,1400.99,19971.4457
2023-01-12 04:00:00,1400.99,1404.84,1400.48,1403.48,12812.5503
2023-01-12 05:00:00,1403.47,1405.12,1393.45,1395.14,22827.7239
2023-01-12 06:00:00,1395.13,1401.75,1395.02,1398.93,14163.884
2023-01-12 07:00:00,1398.93,1402.46,1396.7,1398.45,20040.8372
2023-01-12 08:00:00,1398.44,1400.34,1394.86,1400.33,16468.8092
2023-01-12 09:00:00,1400.34,1403.11,1399.5,1400.03,25404.7941
2023-01-12 10:00:00,1400.04,1402.25,1396.93,1399.83,22148.7679
2023-01-12 11:00:00,1399.83,1399.84,1395.17,1397.78,17393.974
2023-01-12 12:00:00,1397.78,1399.92,1391.67,1399.45,28264.202
2023-01-12 13:00:00,1399.44,1408.0,1361.92,1405.15,127942.9457
2023-01-12 14:00:00,1405.14,1407.98,1372.42,1381.0,70193.515
2023-01-12 15:00:00,1381.0,1388.84,1379.96,1386.07,27627.6096
2023-01-12 16:00:00,1386.07,1388.57,1383.25,1386.88,12757.8712
2023-01-12 17:00:00,1386.89,1432.79,1383.52,1428.72,85998.5006
2023-01-12 18:00:00,1428.72,1432.15,1412.51,1421.26,48254.5873
2023-01-12 19:00:00,1421.27,1437.6,1417.3,1425.86,31927.8966
2023-01-12 20:00:00,1425.86,1434.99,1423.09,1433.42,26025.4885
2023-01-12 21:00:00,1433.41,1438.0,1422.83,1426.14,33974.5666
2023-01-12 22:00:00,1426.15,1427.19,1415.84,1422.54,19060.0465
2023-01-12 23:00:00,1422.54,1422.55,1414.06,1415.92,16573.4352
2023-01-13 00:00:00,1415.91,1418.14,1403.0,1406.04,33089.9108
2023-01-13 01:00:00,1406.04,1408.9,1401.03,1407.18,18341.2391
2023-01-13 02:00:00,1407.17,1409.49,1405.26,1409.07,10626.5183
2023-01-13 03:00:00,1409.07,1415.17,1408.29,1415.01,17780.1436
2023-01-13 04:00:00,1415.0,1415.64,1410.52,1410.9,9725.3127
2023-01-13 05:00:00,1410.89,1413.41,1406.08,1406.77,8548.8886
2023-01-13 06:00:00,1406.77,1411.9,1405.58,1411.14,6197.3336
2023-01-13 07:00:00,1411.14,1411.67,1405.4,1408.12,9703.4726
2023-01-13 08:00:00,1408.11,1410.02,1406.66,1408.74,9439.1843
2023-01-13 09:00:00,1408.73,1412.86,1408.58,1410.0,14716.0575
2023-01-13 10:00:00,1410.0,1419.5,1404.0,1416.51,29804.1609
2023-01-13 11:00:00,1416.51,1416.96,1407.55,1409.71,14282.8123
2023-01-13 12:00:00,1409.71,1410.55,1401.61,1406.79,12446.3501
2023-01-13 13:00:00,1406.79,1407.7,1403.56,1404.76,13621.7293
2023-01-13 14:00:00,1404.75,1416.59,1402.89,1409.62,20418.5791
2023-01-13 15:00:00,1409.61,1424.48,1408.78,1421.98,38897.4878
2023-01-13 16:00:00,1421.98,1422.49,1406.96,1411.67,28283.4383
2023-01-13 17:00:00,1411.66,1424.78,1410.65,1417.12,25660.1376
2023-01-13 18:00:00,1417.12,1425.28,1415.86,1416.32,17050.6604
2023-01-13 19:00:00,1416.32,1420.67,1414.71,1420.23,13532.5816
2023-01-13 20:00:00,1420.23,1430.95,1417.35,1426.73,27376.6843
2023-01-13 21:00:00,1426.73,1462.0,1420.77,1455.14,64967.6627
2023-01-13 22:00:00,1455.13,1464.0,1448.19,1453.35,34358.2051
2023-01-13 23:00:00,1453.38,1456.91,1442.0,1451.2,20509.3143
2023-01-14 00:00:00,1451.21,1599.98,1449.14,1540.62,197822.7579
2023-01-14 01:00:00,1540.61,1560.58,1536.0,1551.74,85121.8741
2023-01-14 02:00:00,1551.74,1560.0,1549.69,1557.75,46290.7768
2023-01-14 03:00:00,1557.74,1559.5,1547.46,1556.08,37642.273
2023-01-14 04:00:00,1556.08,1557.62,1550.98,1553.23,23152.6086
2023-01-14 05:00:00,1553.23,1554.26,1541.28,1546.63,29703.5939
2023-01-14 06:00:00,1546.63,1557.06,1546.63,1556.57,21163.7823
2023-01-14 07:00:00,1556.56,1557.47,1549.68,1553.43,20008.4487
2023-01-14 08:00:00,1553.43,1564.69,1552.59,1563.0,25846.6101
2023-01-14 09:00:00,1563.0,1563.68,1507.74,1522.7,113617.1695
2023-01-14 10:00:00,1522.69,1523.54,1503.34,1522.29,36162.2919
2023-01-14 11:00:00,1522.29,1536.0,1521.78,1530.09,26633.7524
2023-01-14 12:00:00,1530.08,1546.88,1520.59,1538.67,32936.3961
2023-01-14 13:00:00,1538.68,1540.28,1529.41,1533.35,23346.0707
2023-01-14 14:00:00,1533.34,1546.84,1507.15,1522.72,67022.5268
2023-01-14 15:00:00,1522.71,1528.61,1516.76,1525.18,28036.1585
2023-01-14 16:00:00,1525.19,1532.62,1523.18,1528.72,19675.4437
2023-01-14 17:00:00,1528.73,1536.96,1526.69,1529.26,17743.9177
2023-01-14 18:00:00,1529.27,1535.18,1525.29,1533.01,16101.2446
2023-01-14 19:00:00,1533.0,1538.2,1526.67,1529.49,16207.9358
2023-01-14 20:00:00,1529.49,1537.56,1527.12,1534.97,9248.964
2023-01-14 21:00:00,1534.97,1541.56,1531.12,1538.61,15097.2271
2023-01-14 22:00:00,1538.61,1559.91,1537.61,1551.06,17498.8495
2023-01-14 23:00:00,1551.06,1554.43,1544.61,1549.9,14611.1037
2023-01-15 00:00:00,1549.91,1552.22,1516.12,1527.99,44623.6036
2023-01-15 01:00:00,1528.0,1530.28,1519.51,1528.4,16397.0923
2023-01-15 02:00:00,1528.4,1531.35,1519.71,1522.23,10045.8548
2023-01-15 03:00:00,1522.23,1526.85,1516.03,1525.4,15047.0725
2023-01-15 04:00:00,1525.4,1529.17,1524.71,1526.64,6283.6017
2023-01-15 05:00:00,1526.63,1530.25,1524.33,1528.42,7674.688
2023-01-15 06:00:00,1528.42,1529.61,1524.3,1525.72,5116.0393
2023-01-15 07:00:00,1525.73,1529.17,1521.54,1529.16,8500.8173
2023-01-15 08:00:00,1529.16,1530.78,1518.76,1523.03,15540.5906
2023-01-15 09:00:00,1523.03,1533.3,1520.0,1532.74,15970.0947
2023-01-15 10:00:00,1532.74,1533.14,1527.49,1532.04,10872.1774
2023-01-15 11:00:00,1532.03,1535.04,1528.54,1533.35,13134.3107
2023-01-15 12:00:00,1533.36,1538.86,1528.93,1531.95,12233.4082
2023-01-15 13:00:00,1531.94,1540.93,1530.08,1531.79,15769.4389
2023-01-15 14:00:00,1531.79,1543.06,1531.0,1540.09,14423.4373
2023-01-15 15:00:00,1540.08,1560.16,1538.24,1556.35,32195.1201
2023-01-15 16:00:00,1556.35,1563.52,1543.36,1545.25,26716.173
2023-01-15 17:00:00,1545.25,1566.66,1545.25,1551.36,30255.5846
2023-01-15 18:00:00,1551.36,1551.76,1533.0,1547.87,33402.064
2023-01-15 19:00:00,1547.88,1557.19,1542.0,1550.15,12639.9878
2023-01-15 20:00:00,1550.14,1554.55,1546.08,1553.68,8586.0041
2023-01-15 21:00:00,1553.68,1554.48,1548.74,1551.96,6095.9189
2023-01-15 22:00:00,1551.96,1560.52,1542.29,1557.55,13277.8361
2023-01-15 23:00:00,1557.55,1560.93,1547.69,1552.52,13031.7979
2023-01-16 00:00:00,1552.52,1560.4,1540.54,1557.06,20290.3028
2023-01-16 01:00:00,1557.06,1577.92,1553.83,1568.02,48436.4934
2023-01-16 02:00:00,1568.03,1584.58,1563.15,1572.5,35067.2241
2023-01-16 03:00:00,1572.51,1574.48,1564.1,1569.19,24010.6047
2023-01-16 04:00:00,1569.19,1573.77,1567.44,1572.32,12963.9078
2023-01-16 05:00:00,1572.33,1577.2,1571.0,1576.03,15461.1216
2023-01-16 06:00:00,1576.03,1578.54,1569.36,1571.2,22153.4002
2023-01-16 07:00:00,1571.2,1571.33,1562.25,1565.95,13740.4517
2023-01-16 08:00:00,1565.96,1566.25,1523.2,1537.45,62033.1757
2023-01-16 09:00:00,1537.46,1545.72,1536.0,1544.4,12060.3949
2023-01-16 10:00:00,1544.4,1552.97,1544.03,1546.98,12317.3857
2023-01-16 11:00:00,1546.98,1548.4,1539.54,1542.32,11437.1063
2023-01-16 12:00:00,1542.31,1546.18,1537.85,1539.0,10984.2616
2023-01-16 13:00:00,1539.0,1545.96,1539.0,1544.67,18137.6561
2023-01-16 14:00:00,1544.67,1549.27,1531.79,1542.37,18976.7703
2023-01-16 15:00:00,1542.37,1553.38,1521.31,1549.97,41096.5336
2023-01-16 16:00:00,1549.97,1559.32,1545.71,1551.51,17461.3409
2023-01-16 17:00:00,1551.51,1562.14,1548.66,1561.44,20082.4765
2023-01-16 18:00:00,1561.45,1574.69,1557.4,1572.55,20449.2754
2023-01-16 19:00:00,1572.54,1604.5,1571.69,1591.23,60767.0368
2023-01-16 20:00:00,1591.22,1599.26,1584.13,1587.02,19967.4795
2023-01-16 21:00:00,1587.02,1587.58,1574.0,1579.58,23120.9395
2023-01-16 22:00:00,1579.59,1585.88,1578.2,1580.0,11020.9998
2023-01-16 23:00:00,1580.01,1582.69,1572.95,1576.94,22586.5564
2023-01-17 00:00:00,1576.94,1582.6,1558.66,1566.27,40478.2355
2023-01-17 01:00:00,1566.27,1569.37,1541.15,1556.01,35411.693
2023-01-17 02:00:00,1556.01,1563.49,1552.81,1562.35,9645.5907
2023-01-17 03:00:00,1562.35,1566.11,1558.18,1563.59,8209.6638
2023-01-17 04:00:00,1563.59,1577.55,1561.71,1567.73,16537.6719
2023-01-17 05:00:00,1567.73,1571.27,1567.01,1570.06,6303.4287
2023-01-17 06:00:00,1570.07,1570.53,1558.16,1559.7,8327.079
2023-01-17 07:00:00,1559.7,1568.29,1558.23,1563.35,11681.8916
2023-01-17 08:00:00,1563.35,1569.74,1562.74,1569.11,14668.0754
2023-01-17 09:00:00,1569.11,1572.03,1562.86,1565.12,9098.0596
2023-01-17 10:00:00,1565.12,1565.55,1558.2,1561.78,10987.1691
2023-01-17 11:00:00,1561.77,1569.77,1560.66,1569.07,12816.6632
2023-01-17 12:00:00,1569.08,1576.28,1565.15,1570.06,26591.2673
2023-01-17 13:00:00,1570.06,1573.5,1564.43,1570.28,16917.5388
2023-01-17 14:00:00,1570.29,1609.0,1566.59,1580.93,94247.6138
2023-01-17 15:00:00,1580.92,1587.89,1560.97,1571.4,43415.7568
2023-01-17 16:00:00,1571.41,1578.94,1565.0,1574.09,20451.7908
2023-01-17 17:00:00,1574.09,1581.0,1568.5,1579.1,23365.0751
2023-01-17 18:00:00,1579.1,1599.14,1575.86,1595.66,26781.0312
2023-01-17 19:00:00,1595.67,1596.55,1585.85,1588.85,17380.3368
2023-01-17 20:00:00,1588.86,1592.64,1578.25,1586.76,15603.2029
2023-01-17 21:00:00,1586.76,1587.88,1576.03,1580.85,11760.7286
2023-01-17 22:00:00,1580.86,1581.83,1571.9,1574.17,8016.1777
2023-01-17 23:00:00,1574.16,1578.53,1563.69,1565.57,18075.9806
2023-01-18 00:00:00,1565.56,1574.58,1562.93,1570.59,13596.5937
2023-01-18 01:00:00,1570.6,1581.44,1570.18,1581.09,13895.7342
2023-01-18 02:00:00,1581.09,1587.72,1570.44,1583.95,25015.9896
2023-01-18 03:00:00,1583.96,1592.01,1581.51,1582.01,20188.6731
2023-01-18 04:00:00,1582.0,1585.85,1578.86,1585.38,10783.136
2023-01-18 05:00:00,1585.38,1588.72,1583.5,1587.26,11934.1017
2023-01-18 06:00:00,1587.26,1587.75,1580.3,1582.05,10383.3378
2023-01-18 07:00:00,1582.05,1584.1,1579.63,1583.14,15091.6254
2023-01-18 08:00:00,1583.14,1583.77,1571.57,1576.66,18081.0446
2023-01-18 09:00:00,1576.66,1582.0,1570.67,1578.47,15224.8876
2023-01-18 10:00:00,1578.48,1579.62,1572.27,1573.6,9872.6906
2023-01-18 11:00:00,1573.6,1578.41,1573.05,1575.9,6836.9247
2023-01-18 12:00:00,1575.9,1583.58,1575.9,1580.09,9517.8259
2023-01-18 13:00:00,1580.09,1599.0,1575.6,1594.24,52421.9863
2023-01-18 14:00:00,1594.23,1610.0,1586.92,1593.64,60405.3498
2023-01-18 15:00:00,1593.64,1602.7,1533.02,1549.75,109499.3893
2023-01-18 16:00:00,1549.63,1549.96,1501.39,1538.24,143546.1123
2023-01-18 17:00:00,1538.23,1566.88,1535.0,1541.58,84124.9329
2023-01-18 18:00:00,1541.58,1555.0,1536.0,1542.03,30508.9995
2023-01-18 19:00:00,1542.03,1549.1,1538.12,1541.96,13174.3106
2023-01-18 20:00:00,1541.96,1544.78,1516.55,1521.38,30763.2242
2023-01-18 21:00:00,1521.38,1532.46,1519.62,1528.46,13064.2538
2023-01-18 22:00:00,1528.46,1531.67,1517.39,1531.38,12766.0369
2023-01-18 23:00:00,1531.39,1533.28,1507.9,1511.43,21837.7252
2023-01-19 00:00:00,1511.44,1523.25,1509.15,1516.26,18982.5522
2023-01-19 01:00:00,1516.25,1523.8,1515.51,1518.14,9312.9368
2023-01-19 02:00:00,1518.15,1526.38,1513.91,1525.07,9716.0774
2023-01-19 03:00:00,1525.08,1528.0,1523.45,1524.82,6372.4671
2023-01-19 04:00:00,1524.82,1532.5,1524.82,1528.37,7071.4803
2023-01-19 05:00:00,1528.36,1532.06,1526.66,1528.14,3960.0412
2023-01-19 06:00:00,1528.14,1531.78,1525.12,1530.56,7205.3839
2023-01-19 07:00:00,1530.57,1532.38,1527.39,1528.65,5736.5353
2023-01-19 08:00:00,1528.65,1531.64,1526.09,1527.03,7159.766
2023-01-19 09:00:00,1527.04,1528.59,1519.55,1527.58,10300.473
2023-01-19 10:00:00,1527.58,1529.03,1522.2,1525.28,6087.2868
2023-01-19 11:00:00,1525.27,1525.37,1516.17,1519.61,12086.7352
2023-01-19 12:00:00,1519.6,1523.11,1513.33,1519.19,11231.2795
2023-01-19 13:00:00,1519.19,1528.23,1513.38,1525.07,20335.4012
2023-01-19 14:00:00,1525.07,1538.91,1519.54,1532.9,34537.6468
2023-01-19 15:00:00,1532.89,1547.86,1531.28,1533.09,27850.2425
2023-01-19 16:00:00,1533.09,1539.95,1530.78,1535.11,13534.8483
2023-01-19 17:00:00,1535.1,1541.61,1522.65,1529.37,16934.571
2023-01-19 18:00:00,1529.38,1543.33,1528.01,1539.08,11574.9136
2023-01-19 19:00:00,1539.09,1554.52,1537.06,1551.95,20774.0788
2023-01-19 20:00:00,1551.95,1564.43,1551.94,1557.44,19952.4484
2023-01-19 21:00:00,1557.45,1560.12,1545.0,1545.01,12106.197
2023-01-19 22:00:00,1545.0,1552.63,1544.27,1551.5,8937.7756
2023-01-19 23:00:00,1551.51,1555.66,1546.55,1551.09,6918.3266
2023-01-20 00:00:00,1551.09,1554.68,1546.0,1548.21,9966.8079
2023-01-20 01:00:00,1548.22,1558.21,1545.51,1556.18,8390.0406
2023-01-20 02:00:00,1556.18,1563.88,1553.61,1553.66,12407.6565
2023-01-20 03:00:00,1553.66,1556.12,1551.29,1554.54,4589.1313
2023-01-20 04:00:00,1554.55,1556.66,1545.98,1546.92,9126.3026
2023-01-20 05:00:00,1546.91,1551.0,1542.74,1547.12,10561.4792
2023-01-20 06:00:00,1547.11,1549.35,1543.35,1545.15,7548.0239
2023-01-20 07:00:00,1545.15,1553.18,1542.02,1550.33,12720.2804
2023-01-20 08:00:00,1550.32,1553.04,1545.26,1551.96,17744.6765
2023-01-20 09:00:00,1551.95,1555.85,1548.44,1552.55,8166.8964
2023-01-20 10:00:00,1552.55,1553.38,1548.44,1552.7,5157.1687
2023-01-20 11:00:00,1552.71,1554.01,1548.88,1549.49,4945.3868
2023-01-20 12:00:00,1549.48,1560.69,1549.02,1558.11,10813.4817
2023-01-20 13:00:00,1558.11,1562.7,1552.58,1554.16,8562.9254
2023-01-20 14:00:00,1554.17,1568.0,1551.44,1560.79,20702.2685
2023-01-20 15:00:00,1560.78,1569.9,1559.36,1563.69,15353.3205
2023-01-20 16:00:00,1563.69,1593.38,1561.61,1585.32,40180.9408
2023-01-20 17:00:00,1585.32,1596.55,1585.32,1592.02,24675.6487
2023-01-20 18:00:00,1592.03,1598.76,1583.66,1592.0,22812.8519
2023-01-20 19:00:00,1592.0,1601.53,1589.0,1600.49,19790.5392
2023-01-20 20:00:00,1600.49,1644.39,1600.48,1641.35,81252.2184
2023-01-20 21:00:00,1641.34,1650.95,1635.38,1636.83,27894.363
2023-01-20 22:00:00,1636.83,1669.9,1635.97,1651.94,37783.6154
2023-01-20 23:00:00,1651.93,1662.48,1649.64,1658.52,19424.9731
2023-01-21 00:00:00,1658.53,1676.61,1653.21,1654.71,41929.5557
2023-01-21 01:00:00,1654.7,1658.17,1652.23,1652.26,15599.5417
2023-01-21 02:00:00,1652.25,1657.0,1642.6,1648.46,16476.1281
2023-01-21 03:00:00,1648.45,1650.34,1644.49,1648.8,9754.9628
2023-01-21 04:00:00,1648.81,1654.92,1647.0,1650.45,9497.2232
2023-01-21 05:00:00,1650.46,1650.46,1645.42,1646.02,7092.5395
2023-01-21 06:00:00,1646.03,1654.33,1645.04,1652.96,10127.6052
2023-01-21 07:00:00,1652.96,1654.0,1649.43,1651.19,8990.7216
2023-01-21 08:00:00,1651.2,1654.01,1646.2,1647.28,13574.4552
2023-01-21 09:00:00,1647.29,1665.48,1644.81,1662.28,28320.4814
2023-01-21 10:00:00,1662.28,1679.26,1616.21,1641.25,101287.0817
2023-01-21 11:00:00,1641.25,1650.0,1632.6,1647.04,19960.8549
2023-01-21 12:00:00,1647.04,1660.0,1645.31,1658.59,20043.09
2023-01-21 13:00:00,1658.58,1658.59,1645.5,1650.54,15609.847
2023-01-21 14:00:00,1650.54,1654.0,1646.72,1649.01,9528.6905
2023-01-21 15:00:00,1649.01,1667.29,1643.29,1647.26,35896.1938
2023-01-21 16:00:00,1647.27,1661.39,1645.84,1657.77,18836.5695
2023-01-21 17:00:00,1657.78,1661.49,1647.27,1655.34,18030.8741
2023-01-21 18:00:00,1655.34,1661.96,1649.88,1661.21,9682.1406
2023-01-21 19:00:00,1661.21,1668.88,1658.09,1663.19,13930.5958
2023-01-21 20:00:00,1663.18,1667.97,1654.13,1654.19,12146.1132
2023-01-21 21:00:00,1654.19,1664.57,1651.71,1663.27,10377.9623
2023-01-21 22:00:00,1663.26,1663.67,1625.99,1628.96,12751.2182
2023-01-21 23:00:00,1628.96,1643.9,1622.09,1626.66,34804.1549
2023-01-22 00:00:00,1626.65,1636.49,1622.55,1632.35,13924.6321
2023-01-22 01:00:00,1632.34,1633.13,1614.71,1623.89,23960.3893
2023-01-22 02:00:00,1623.88,1625.57,1604.0,1615.68,17542.4438
2023-01-22 03:00:00,1615.68,1622.85,1615.67,1622.5,11131.9434
2023-01-22 04:00:00,1622.51,1628.85,1620.77,1626.18,12456.2961
2023-01-22 05:00:00,1626.18,1631.09,1625.76,1627.73,12794.9788
2023-01-22 06:00:00,1627.72,1631.15,1626.5,1628.79,8155.9762
2023-01-22 07:00:00,1628.79,1630.0,1626.87,1627.08,7846.5097
2023-01-22 08:00:00,1627.07,1631.55,1620.83,1631.35,14179.8084
2023-01-22 09:00:00,1631.35,1631.85,1622.62,1624.92,13714.8811
2023-01-22 10:00:00,1624.92,1627.74,1620.0,1625.61,10884.6975
2023-01-22 11:00:00,1625.61,1628.33,1618.47,1624.57,9986.6389
2023-01-22 12:00:00,1624.57,1634.93,1620.18,1633.61,14592.638
2023-01-22 13:00:00,1633.61,1638.84,1629.88,1632.01,12468.0718
2023-01-22 14:00:00,1632.01,1645.61,1630.77,1642.51,21972.6883
2023-01-22 15:00:00,1642.5,1650.51,1617.54,1635.51,48063.4913
2023-01-22 16:00:00,1635.5,1640.81,1629.61,1636.71,13393.6964
2023-01-22 17:00:00,1636.71,1663.89,1635.36,1656.63,32756.0292
2023-01-22 18:00:00,1656.64,1659.7,1646.02,1646.56,16107.6199
2023-01-22 19:00:00,1646.55,1648.14,1632.41,1635.1,16117.3121
2023-01-22 20:00:00,1635.11,1636.34,1607.06,1614.08,54704.3606
2023-01-22 21:00:00,1614.08,1630.12,1607.35,1627.58,22608.232
2023-01-22 22:00:00,1627.58,1629.72,1620.79,1628.71,9453.5406
2023-01-22 23:00:00,1628.72,1632.93,1623.86,1627.44,12912.8154
2023-01-23 00:00:00,1627.43,1639.09,1625.68,1635.74,17220.4639
2023-01-23 01:00:00,1635.73,1642.19,1635.51,1635.64,13275.9605
2023-01-23 02:00:00,1635.65,1640.89,1635.64,1640.89,6955.8145
2023-01-23 03:00:00,1640.89,1642.58,1628.33,1630.41,11841.3461
2023-01-23 04:00:00,1630.41,1636.06,1628.41,1635.99,7977.1846
2023-01-23 05:00:00,1636.0,1636.73,1631.38,1632.2,6986.0743
2023-01-23 06:00:00,1632.19,1637.75,1631.16,1637.18,7149.2173
2023-01-23 07:00:00,1637.18,1638.0,1627.88,1633.3,12458.9074
2023-01-23 08:00:00,1633.31,1639.26,1630.72,1631.41,9554.0036
2023-01-23 09:00:00,1631.4,1635.0,1630.3,1634.75,7889.4319
2023-01-23 10:00:00,1634.76,1640.0,1633.51,1637.08,13436.8784
2023-01-23 11:00:00,1637.09,1638.07,1633.42,1636.67,10901.59
2023-01-23 12:00:00,1636.66,1639.01,1630.0,1635.24,12737.5651
2023-01-23 13:00:00,1635.25,1636.68,1613.48,1622.57,27050.5558
2023-01-23 14:00:00,1622.57,1648.09,1585.29,1599.13,59869.0705
2023-01-23 15:00:00,1598.92,1626.35,1594.61,1620.85,46998.0239
2023-01-23 16:00:00,1620.84,1625.76,1612.38,1619.82,22345.2418
2023-01-23 17:00:00,1619.83,1629.28,1615.29,1629.02,19807.9856
2023-01-23 18:00:00,1629.03,1640.49,1626.06,1628.85,26815.544
2023-01-23 19:00:00,1628.85,1630.57,1610.04,1619.88,27357.8436
2023-01-23 20:00:00,1619.89,1635.26,1618.65,1634.8,13128.4739
2023-01-23 21:00:00,1634.8,1635.5,1629.53,1631.84,9298.6748
2023-01-23 22:00:00,1631.84,1635.75,1622.13,1627.47,8959.6926
2023-01-23 23:00:00,1627.47,1630.48,1624.72,1626.29,7251.5715
2023-01-24 00:00:00,1626.28,1633.97,1622.8,1631.87,12071.3902
2023-01-24 01:00:00,1631.87,1638.62,1627.45,1637.89,13875.5117
2023-01-24 02:00:00,1637.89,1641.46,1635.18,1635.18,12921.8575
2023-01-24 03:00:00,1635.19,1639.42,1633.25,1639.01,9169.5331
2023-01-24 04:00:00,1639.02,1640.78,1635.39,1636.47,9205.7706
2023-01-24 05:00:00,1636.46,1639.28,1634.38,1637.99,11143.0834
2023-01-24 06:00:00,1638.0,1638.54,1635.15,1636.47,7300.1797
2023-01-24 07:00:00,1636.47,1636.96,1633.25,1635.77,9369.3045
2023-01-24 08:00:00,1635.77,1637.28,1634.47,1634.81,7071.8653
2023-01-24 09:00:00,1634.81,1635.28,1614.39,1617.94,38521.3346
2023-01-24 10:00:00,1617.93,1626.17,1617.14,1623.0,12039.9894
2023-01-24 11:00:00,1623.01,1626.58,1622.02,1625.6,7891.9613
2023-01-24 12:00:00,1625.59,1632.12,1622.22,1627.34,9920.6653
2023-01-24 13:00:00,1627.34,1630.76,1612.83,1617.14,18600.2391
2023-01-24 14:00:00,1617.14,1622.48,1604.0,1613.4,41583.7239
2023-01-24 15:00:00,1613.4,1621.6,1606.88,1620.58,17561.4578
2023-01-24 16:00:00,1620.57,1621.87,1612.0,1614.34,16965.3504
2023-01-24 17:00:00,1614.35,1617.6,1606.48,1616.17,16402.8135
2023-01-24 18:00:00,1616.18,1624.3,1613.42,1619.87,13887.0868
2023-01-24 19:00:00,1619.88,1624.31,1618.17,1622.41,7858.8496
2023-01-24 20:00:00,1622.42,1624.45,1608.0,1615.26,13670.2664
2023-01-24 21:00:00,1615.27,1621.5,1588.8,1599.01,31013.9946
2023-01-24 22:00:00,1599.0,1601.77,1535.0,1562.16,77703.6397
2023-01-24 23:00:00,1562.17,1565.27,1544.69,1555.97,46525.4559
2023-01-25 00:00:00,1555.97,1557.0,1541.53,1548.88,42208.8517
2023-01-25 01:00:00,1548.89,1550.47,1518.0,1535.0,67088.1066
2023-01-25 02:00:00,1534.99,1543.06,1534.21,1540.87,13866.2509
2023-01-25 03:00:00,1540.87,1546.88,1540.28,1546.63,12655.7856
2023-01-25 04:00:00,1546.63,1549.01,1545.83,1546.17,9355.4083
2023-01-25 05:00:00,1546.17,1551.74,1545.2,1549.14,10814.5467
2023-01-25 06:00:00,1549.14,1557.03,1546.27,1555.16,16870.0489
2023-01-25 07:00:00,1555.16,1558.91,1553.42,1553.81,12984.076
2023-01-25 08:00:00,1553.82,1556.8,1550.0,1551.1,10917.6584
2023-01-25 09:00:00,1551.1,1552.0,1540.91,1545.63,18720.2568
2023-01-25 10:00:00,1545.62,1547.83,1538.59,1547.13,16549.3225
2023-01-25 11:00:00,1547.14,1549.28,1543.81,1545.49,10875.4845
2023-01-25 12:00:00,1545.5,1562.71,1545.44,1560.14,27377.0382
2023-01-25 13:00:00,1560.13,1566.58,1553.5,1554.68,25274.9828
2023-01-25 14:00:00,1554.68,1555.7,1533.75,1536.48,40945.5745
2023-01-25 15:00:00,1536.48,1546.18,1525.0,1543.95,35670.2737
2023-01-25 16:00:00,1543.95,1552.66,1541.39,1548.97,20502.3959
2023-01-25 17:00:00,1548.96,1553.66,1545.14,1548.7,11854.3727
2023-01-25 18:00:00,1548.71,1556.0,1547.99,1555.54,13845.6314
2023-01-25 19:00:00,1555.54,1562.18,1554.1,1561.48,15106.0279
2023-01-25 20:00:00,1561.49,1583.6,1561.48,1580.69,35374.7982
2023-01-25 21:00:00,1580.69,1624.13,1571.29,1618.18,57333.1495
2023-01-25 22:00:00,1618.19,1641.0,1575.0,1585.95,75954.4437
2023-01-25 23:00:00,1585.95,1617.72,1580.54,1611.94,44330.4312
2023-01-26 00:00:00,1611.95,1632.84,1610.63,1628.97,32266.2569
2023-01-26 01:00:00,1628.97,1629.64,1615.08,1616.72,25586.5649
2023-01-26 02:00:00,1616.72,1622.4,1610.14,1613.89,18580.4612
2023-01-26 03:00:00,1613.88,1617.58,1613.3,1614.87,11112.5142
2023-01-26 04:00:00,1614.87,1618.74,1612.69,1616.14,12039.3949
2023-01-26 05:00:00,1616.14,1620.76,1615.0,1619.59,10242.5452
2023-01-26 06:00:00,1619.58,1621.9,1597.3,1613.23,43444.3706
2023-01-26 07:00:00,1613.24,1613.39,1604.0,1604.68,17912.1946
2023-01-26 08:00:00,1604.69,1609.7,1602.8,1608.01,16720.8858
2023-01-26 09:00:00,1608.0,1610.45,1600.53,1606.38,17005.9568
2023-01-26 10:00:00,1606.39,1608.07,1590.0,1602.59,21703.7917
2023-01-26 11:00:00,1602.59,1605.0,1599.17,1604.33,11293.0178
2023-01-26 12:00:00,1604.33,1617.24,1602.72,1616.05,24017.8894
2023-01-26 13:00:00,1616.04,1618.56,1592.89,1617.86,51175.5039
2023-01-26 14:00:00,1617.86,1621.06,1596.67,1605.42,49630.4026
2023-01-26 15:00:00,1605.42,1616.26,1584.12,1589.79,42565.4198
2023-01-26 16:00:00,1589.71,1595.49,1577.43,1594.14,37150.61
2023-01-26 17:00:00,1594.15,1598.3,1590.73,1592.15,10568.5135
2023-01-26 18:00:00,1592.14,1607.27,1590.0,1600.94,17433.8128
2023-01-26 19:00:00,1600.95,1605.48,1596.35,1603.77,10379.8322
2023-01-26 20:00:00,1603.78,1611.26,1601.59,1608.88,15290.7267
2023-01-26 21:00:00,1608.89,1609.53,1594.38,1603.12,14561.058
2023-01-26 22:00:00,1603.13,1609.47,1600.32,1601.78,13166.6498
2023-01-26 23:00:00,1601.77,1604.06,1597.49,1601.09,8929.4733
2023-01-27 00:00:00,1601.08,1606.53,1586.09,1588.87,22887.7593
2023-01-27 01:00:00,1588.87,1591.9,1552.54,1562.81,78008.9493
2023-01-27 02:00:00,1562.81,1572.7,1560.58,1570.51,18146.0462
2023-01-27 03:00:00,1570.51,1571.87,1565.56,1565.73,19400.8276
2023-01-27 04:00:00,1565.74,1569.15,1563.08,1564.8,14361.4394
2023-01-27 05:00:00,1564.81,1589.9,1564.42,1583.02,19783.855
2023-01-27 06:00:00,1583.02,1585.5,1577.66,1582.41,11893.4079
2023-01-27 07:00:00,1582.41,1586.09,1578.2,1585.4,11689.9323
2023-01-27 08:00:00,1585.4,1586.06,1578.01,1579.04,11690.7325
2023-01-27 09:00:00,1579.04,1581.07,1575.87,1578.31,12015.1815
2023-01-27 10:00:00,1578.3,1581.6,1573.33,1577.03,13270.4884
2023-01-27 11:00:00,1577.03,1578.85,1573.36,1578.84,7919.3502
2023-01-27 12:00:00,1578.84,1580.85,1572.08,1575.16,10358.1172
2023-01-27 13:00:00,1575.17,1584.73,1561.0,1572.08,38338.2864
2023-01-27 14:00:00,1572.07,1590.13,1563.44,1579.99,24973.075
2023-01-27 15:00:00,1579.99,1594.55,1574.03,1574.86,35942.4807
2023-01-27 16:00:00,1574.86,1590.99,1573.98,1589.28,20946.6477
2023-01-27 17:00:00,1589.29,1611.79,1587.65,1605.49,32436.7529
2023-01-27 18:00:00,1605.49,1608.28,1598.18,1604.13,16839.9214
2023-01-27 19:00:00,1604.14,1611.32,1602.38,1609.7,11670.5862
2023-01-27 20:00:00,1609.7,1621.0,1592.25,1599.12,46542.035
2023-01-27 21:00:00,1599.12,1605.56,1596.03,1599.3,11854.7636
2023-01-27 22:00:00,1599.31,1599.89,1586.75,1592.94,12748.6071
2023-01-27 23:00:00,1592.95,1599.39,1592.94,1597.62,8374.1447
2023-01-28 00:00:00,1597.61,1606.83,1594.21,1604.24,16687.9208
2023-01-28 01:00:00,1604.24,1604.9,1594.42,1595.47,11243.628
2023-01-28 02:00:00,1595.46,1598.85,1592.49,1595.81,10508.4594
2023-01-28 03:00:00,1595.81,1600.0,1595.51,1598.96,5474.0375
2023-01-28 04:00:00,1598.96,1602.93,1598.47,1599.49,8494.4837
2023-01-28 05:00:00,1599.5,1603.39,1596.48,1600.17,11103.6662
2023-01-28 06:00:00,1600.17,1600.48,1592.45,1597.16,7775.7461
2023-01-28 07:00:00,1597.15,1597.5,1585.81,1592.68,10994.833
2023-01-28 08:00:00,1592.68,1594.0,1586.36,1587.19,8666.0654
2023-01-28 09:00:00,1587.18,1593.76,1585.45,1592.2,11241.6314
2023-01-28 10:00:00,1592.19,1592.2,1578.63,1584.2,23674.5423
2023-01-28 11:00:00,1584.2,1586.85,1580.31,1586.18,8710.886
2023-01-28 12:00:00,1586.19,1586.19,1579.1,1582.86,11737.933
2023-01-28 13:00:00,1582.87,1582.87,1561.76,1573.3,54484.0088
2023-01-28 14:00:00,1573.3,1574.0,1570.0,1570.6,11071.4082
2023-01-28 15:00:00,1570.6,1580.57,1567.22,1578.43,19527.4141
2023-01-28 16:00:00,1578.42,1580.55,1576.22,1577.79,9798.2095
2023-01-28 17:00:00,1577.79,1579.25,1569.69,1576.49,10134.1688
2023-01-28 18:00:00,1576.48,1577.07,1570.62,1572.59,6999.3104
2023-01-28 19:00:00,1572.59,1578.46,1572.06,1577.12,6346.1143
2023-01-28 20:00:00,1577.12,1577.59,1560.0,1561.32,14034.3393
2023-01-28 21:00:00,1561.31,1569.64,1555.99,1566.98,15558.2811
2023-01-28 22:00:00,1566.98,1568.65,1561.33,1564.7,9106.1616
2023-01-28 23:00:00,1564.7,1574.06,1562.3,1572.1,10302.4085
2023-01-29 00:00:00,1572.1,1587.65,1566.33,1584.84,20514.2547
2023-01-29 01:00:00,1584.84,1618.99,1584.83,1602.7,70582.5546
2023-01-29 02:00:00,1602.69,1607.26,1582.45,1592.0,28641.0783
2023-01-29 03:00:00,1591.99,1595.27,1588.63,1594.36,9158.2903
2023-01-29 04:00:00,1594.36,1599.22,1592.11,1598.31,7936.2991
2023-01-29 05:00:00,1598.31,1599.39,1593.99,1597.33,6273.0763
2023-01-29 06:00:00,1597.33,1597.9,1592.2,1593.97,9183.9955
2023-01-29 07:00:00,1593.96,1595.42,1588.45,1592.58,8135.6879
2023-01-29 08:00:00,1592.59,1594.88,1588.97,1590.46,7132.4353
2023-01-29 09:00:00,1590.45,1604.95,1589.71,1600.99,18156.3566
2023-01-29 10:00:00,1600.99,1615.85,1600.99,1611.85,29367.0389
2023-01-29 11:00:00,1611.85,1619.79,1594.0,1609.08,31445.1808
2023-01-29 12:00:00,1609.08,1613.33,1603.52,1610.62,15663.9497
2023-01-29 13:00:00,1610.61,1626.64,1609.75,1612.83,35833.7376
2023-01-29 14:00:00,1612.83,1616.1,1605.53,1615.48,18935.4805
2023-01-29 15:00:00,1615.48,1616.19,1609.49,1611.44,13814.3318
2023-01-29 16:00:00,1611.44,1618.14,1605.46,1614.09,19648.0007
2023-01-29 17:00:00,1614.09,1621.81,1611.19,1617.75,18098.3817
2023-01-29 18:00:00,1617.74,1633.31,1614.05,1629.37,33027.7571
2023-01-29 19:00:00,1629.37,1660.0,1628.95,1653.86,67990.7192
2023-01-29 20:00:00,1653.86,1655.37,1627.57,1635.68,38724.0805
2023-01-29 21:00:00,1635.68,1647.11,1632.97,1643.37,13787.7824
2023-01-29 22:00:00,1643.37,1645.0,1640.41,1643.02,7662.6701
2023-01-29 23:00:00,1643.03,1654.4,1641.47,1644.72,22054.7738
2023-01-30 00:00:00,1644.73,1647.28,1636.36,1646.08,19757.0938
2023-01-30 01:00:00,1646.08,1647.53,1633.43,1638.3,16055.6301
2023-01-30 02:00:00,1638.29,1638.58,1631.48,1635.8,14515.4783
2023-01-30 03:00:00,1635.8,1638.65,1634.37,1637.98,9660.4382
2023-01-30 04:00:00,1637.97,1641.37,1634.99,1636.37,7658.0788
2023-01-30 05:00:00,1636.37,1636.38,1631.99,1635.87,10374.954
2023-01-30 06:00:00,1635.87,1636.72,1624.9,1629.45,14449.6374
2023-01-30 07:00:00,1629.46,1631.89,1621.8,1627.45,13501.1761
2023-01-30 08:00:00,1627.44,1630.11,1615.43,1619.93,21614.6298
2023-01-30 09:00:00,1619.92,1620.43,1581.6,1587.79,83690.3986
2023-01-30 10:00:00,1587.8,1595.56,1577.0,1585.69,45959.5274
2023-01-30 11:00:00,1585.69,1588.88,1577.98,1581.55,27263.0766
2023-01-30 12:00:00,1581.55,1585.12,1567.68,1577.4,41535.6069
2023-01-30 13:00:00,1577.4,1581.52,1576.06,1577.26,14097.3874
2023-01-30 14:00:00,1577.27,1596.41,1575.24,1596.41,28338.5439
2023-01-30 15:00:00,1596.41,1597.03,1570.8,1585.18,32692.1987
2023-01-30 16:00:00,1585.18,1590.46,1578.25,1583.11,16460.7098
2023-01-30 17:00:00,1583.12,1588.54,1579.84,1581.24,14055.4458
2023-01-30 18:00:00,1581.24,1583.93,1573.93,1578.2,17904.2965
2023-01-30 19:00:00,1578.2,1578.39,1535.0,1554.24,69332.8758
2023-01-30 20:00:00,1554.25,1554.62,1536.84,1553.16,26443.4982
2023-01-30 21:00:00,1553.16,1561.14,1552.56,1556.64,13490.4028
2023-01-30 22:00:00,1556.64,1567.0,1545.01,1563.96,17015.5216
2023-01-30 23:00:00,1563.97,1567.87,1560.65,1566.2,19188.7216
2023-01-31 00:00:00,1566.21,1576.2,1561.82,1570.41,20822.3998
2023-01-31 01:00:00,1570.41,1574.99,1563.36,1569.99,17360.796
2023-01-31 02:00:00,1570.0,1575.63,1569.11,1569.37,11263.7441
2023-01-31 03:00:00,1569.38,1570.67,1567.0,1568.87,8543.4766
2023-01-31 04:00:00,1568.87,1572.87,1566.52,1572.7,8873.8215
2023-01-31 05:00:00,1572.7,1573.36,1561.79,1562.11,12140.1726
2023-01-31 06:00:00,1562.11,1569.53,1561.63,1565.96,9885.0648
2023-01-31 07:00:00,1565.97,1581.08,1565.93,1580.04,17560.4495
2023-01-31 08:00:00,1580.03,1583.98,1567.19,1571.69,15262.4908
2023-01-31 09:00:00,1571.69,1575.48,1571.06,1572.09,7380.9456
2023-01-31 10:00:00,1572.09,1574.02,1565.82,1567.53,9915.9778
2023-01-31 11:00:00,1567.53,1572.12,1566.62,1570.91,9833.2923
2023-01-31 12:00:00,1570.91,1575.77,1570.9,1573.66,9914.8875
2023-01-31 13:00:00,1573.67,1588.73,1572.89,1588.14,33497.564
2023-01-31 14:00:00,1588.13,1589.56,1579.77,1583.09,17813.9084
2023-01-31 15:00:00,1583.09,1596.13,1581.92,1588.99,18661.1143
2023-01-31 16:00:00,1589.0,1605.18,1586.97,1593.39,23484.1815
2023-01-31 17:00:00,1593.39,1596.56,1589.26,1593.16,9075.4539
2023-01-31 18:00:00,1593.15,1595.28,1589.86,1594.35,7821.0186
2023-01-31 19:00:00,1594.36,1598.83,1588.46,1597.34,8447.3186
2023-01-31 20:00:00,1597.34,1598.61,1583.79,1586.96,11617.6363
2023-01-31 21:00:00,1586.96,1590.42,1564.02,1577.55,30099.7125
2023-01-31 22:00:00,1577.56,1600.77,1570.89,1590.32,15862.4767
2023-01-31 23:00:00,1590.32,1590.74,1581.6,1585.33,13718.7714
2023-02-01 00:00:00,1585.32,1590.0,1576.43,1583.34,16798.7557
2023-02-01 01:00:00,1583.34,1592.94,1580.35,1588.92,14006.6021
2023-02-01 02:00:00,1588.93,1589.44,1582.21,1585.66,8378.3636
2023-02-01 03:00:00,1585.66,1585.98,1578.8,1584.61,7889.1912
2023-02-01 04:00:00,1584.62,1585.65,1581.32,1582.98,6762.6261
2023-02-01 05:00:00,1582.99,1585.7,1582.2,1583.07,5587.1821
2023-02-01 06:00:00,1583.07,1583.41,1573.8,1574.93,11742.7588
2023-02-01 07:00:00,1574.93,1578.76,1569.67,1575.36,10988.1193
2023-02-01 08:00:00,1575.37,1576.29,1566.72,1570.55,15876.9888
2023-02-01 09:00:00,1570.55,1575.07,1566.24,1573.34,10228.0031
2023-02-01 10:00:00,1573.35,1576.39,1570.8,1575.0,9459.9656
2023-02-01 11:00:00,1575.0,1583.68,1574.93,1580.87,10391.7247
2023-02-01 12:00:00,1580.87,1583.28,1578.12,1579.17,8527.7398
2023-02-01 13:00:00,1579.18,1587.74,1573.27,1581.41,17073.4007
2023-02-01 14:00:00,1581.42,1589.8,1576.3,1584.89,17424.2358
2023-02-01 15:00:00,1584.89,1585.7,1572.13,1575.53,22023.2279
2023-02-01 16:00:00,1575.53,1580.22,1570.66,1575.73,10206.3894
2023-02-01 17:00:00,1575.73,1579.75,1566.92,1571.53,10636.9299
2023-02-01 18:00:00,1571.54,1586.56,1567.13,1580.88,23234.6114
2023-02-01 19:00:00,1580.87,1627.06,1555.18,1617.48,112352.7707
2023-02-01 20:00:00,1617.47,1639.8,1613.63,1632.69,53523.6747
2023-02-01 21:00:00,1632.69,1647.47,1632.6,1635.23,32710.6581
2023-02-01 22:00:00,1635.24,1647.77,1635.23,1637.89,19195.8812
2023-02-01 23:00:00,1637.89,1647.33,1637.16,1641.68,19597.3702
2023-02-02 00:00:00,1641.67,1696.38,1639.32,1692.5,81708.9974
2023-02-02 01:00:00,1692.51,1692.51,1674.45,1675.63,33595.8416
2023-02-02 02:00:00,1675.64,1678.0,1666.59,1670.22,20274.2834
2023-02-02 03:00:00,1670.22,1677.27,1669.99,1671.13,16777.2069
2023-02-02 04:00:00,1671.13,1675.65,1669.2,1672.82,14532.1913
2023-02-02 05:00:00,1672.83,1676.76,1670.0,1670.0,11871.8738
2023-02-02 06:00:00,1670.01,1671.35,1660.17,1666.54,15391.7916
2023-02-02 07:00:00,1666.55,1670.31,1662.08,1664.21,15125.0101
2023-02-02 08:00:00,1664.21,1670.58,1662.13,1669.93,13547.5692
2023-02-02 09:00:00,1669.92,1674.34,1665.4,1674.22,11409.7752
2023-02-02 10:00:00,1674.23,1674.76,1667.41,1668.93,10371.7279
2023-02-02 11:00:00,1668.94,1672.66,1668.84,1671.99,8269.2641
2023-02-02 12:00:00,1671.98,1677.0,1669.56,1676.71,13310.0868
2023-02-02 13:00:00,1676.71,1676.8,1669.16,1672.62,19591.3043
2023-02-02 14:00:00,1672.63,1690.0,1650.0,1656.57,67814.2127
2023-02-02 15:00:00,1656.57,1685.78,1653.18,1678.14,38025.368
2023-02-02 16:00:00,1678.15,1684.31,1672.28,1672.28,22064.7865
2023-02-02 17:00:00,1672.28,1682.91,1671.51,1680.18,13328.52
2023-02-02 18:00:00,1680.18,1714.68,1680.18,1701.27,53212.0303
2023-02-02 19:00:00,1701.27,1703.18,1666.21,1675.15,41310.6697
2023-02-02 20:00:00,1675.14,1680.59,1670.35,1680.53,13272.4517
2023-02-02 21:00:00,1680.54,1686.3,1633.44,1637.19,50970.5949
2023-02-02 22:00:00,1637.18,1661.48,1626.85,1655.64,25314.2937
2023-02-02 23:00:00,1655.63,1656.39,1638.42,1643.12,18099.0363
2023-02-03 00:00:00,1643.12,1649.1,1631.04,1646.6,20324.1161
2023-02-03 01:00:00,1646.61,1650.43,1643.73,1644.39,13034.329
2023-02-03 02:00:00,1644.4,1647.75,1633.37,1638.76,13578.2664
2023-02-03 03:00:00,1638.76,1642.2,1630.67,1642.17,11995.2013
2023-02-03 04:00:00,1642.17,1644.42,1639.0,1640.23,10759.7505
2023-02-03 05:00:00,1640.23,1644.91,1638.53,1643.89,7538.8707
2023-02-03 06:00:00,1643.9,1645.45,1639.29,1640.84,8475.9104
2023-02-03 07:00:00,1640.84,1647.24,1636.07,1637.49,16453.2581
2023-02-03 08:00:00,1637.5,1641.94,1629.96,1640.93,17491.778
2023-02-03 09:00:00,1640.92,1643.72,1640.18,1641.97,7274.5093
2023-02-03 10:00:00,1641.98,1644.95,1635.61,1644.66,11632.8598
2023-02-03 11:00:00,1644.65,1650.83,1641.88,1649.2,12371.0591
2023-02-03 12:00:00,1649.2,1654.93,1645.29,1652.04,18769.7724
2023-02-03 13:00:00,1652.05,1653.95,1625.93,1637.11,67107.0831
2023-02-03 14:00:00,1637.1,1664.92,1627.12,1662.06,62411.6858
2023-02-03 15:00:00,1662.06,1675.0,1650.45,1663.93,48678.7186
2023-02-03 16:00:00,1663.93,1676.0,1656.95,1657.07,24765.1525
2023-02-03 17:00:00,1657.07,1674.23,1655.99,1660.99,18098.9907
2023-02-03 18:00:00,1660.98,1662.8,1651.31,1657.08,20009.4603
2023-02-03 19:00:00,1657.09,1660.0,1650.74,1652.91,12009.4789
2023-02-03 20:00:00,1652.9,1661.68,1642.4,1655.74,15223.0068
2023-02-03 21:00:00,1655.74,1658.6,1651.81,1657.32,6354.0404
2023-02-03 22:00:00,1657.33,1669.99,1656.39,1667.21,10368.9081
2023-02-03 23:00:00,1667.21,1672.13,1662.17,1663.52,10088.8257
2023-02-04 00:00:00,1663.52,1665.95,1658.01,1662.03,12417.6503
2023-02-04 01:00:00,1662.04,1664.31,1655.73,1657.0,12704.9707
2023-02-04 02:00:00,1656.99,1659.24,1650.0,1657.69,10876.5542
2023-02-04 03:00:00,1657.69,1658.35,1651.77,1654.36,4869.8706
2023-02-04 04:00:00,1654.37,1654.52,1650.6,1652.7,7113.4067
2023-02-04 05:00:00,1652.71,1653.3,1646.1,1651.33,8671.5978
2023-02-04 06:00:00,1651.32,1655.29,1645.43,1654.0,7230.8014
2023-02-04 07:00:00,1653.99,1660.0,1653.44,1658.17,9380.859
2023-02-04 08:00:00,1658.17,1658.87,1652.2,1652.24,6469.9755
2023-02-04 09:00:00,1652.24,1658.37,1651.39,1657.77,13867.8681
2023-02-04 10:00:00,1657.77,1662.73,1657.16,1660.2,14359.1967
2023-02-04 11:00:00,1660.19,1662.7,1658.84,1661.92,6425.4525
2023-02-04 12:00:00,1661.92,1667.56,1660.74,1666.06,12161.3543
2023-02-04 13:00:00,1666.06,1695.29,1666.06,1684.23,55647.438
2023-02-04 14:00:00,1684.23,1684.66,1671.81,1681.42,20746.9767
2023-02-04 15:00:00,1681.42,1681.68,1675.45,1679.97,9342.3376
2023-02-04 16:00:00,1679.97,1685.46,1672.32,1680.5,13619.572
2023-02-04 17:00:00,1680.51,1684.74,1676.67,1681.36,11913.6113
2023-02-04 18:00:00,1681.36,1682.92,1672.66,1678.92,11143.7646
2023-02-04 19:00:00,1678.91,1679.48,1674.57,1675.93,5022.5233
2023-02-04 20:00:00,1675.92,1684.01,1673.78,1679.0,14360.8905
2023-02-04 21:00:00,1679.0,1680.2,1674.62,1680.05,6032.4449
2023-02-04 22:00:00,1680.06,1689.0,1677.48,1680.0,10438.5919
2023-02-04 23:00:00,1680.0,1683.36,1658.53,1666.38,23409.4209
2023-02-05 00:00:00,1666.39,1671.0,1657.49,1663.47,19117.049
2023-02-05 01:00:00,1663.47,1667.39,1660.55,1665.48,8897.9437
2023-02-05 02:00:00,1665.48,1668.78,1661.0,1661.01,9242.496
2023-02-05 03:00:00,1661.01,1663.51,1656.68,1660.7,16613.1097
2023-02-05 04:00:00,1660.69,1666.13,1659.35,1664.17,8899.8348
2023-02-05 05:00:00,1664.17,1667.17,1663.66,1666.96,6400.7848
2023-02-05 06:00:00,1666.97,1671.2,1663.82,1668.01,10035.2894
2023-02-05 07:00:00,1668.01,1669.17,1665.2,1668.14,5461.6713
2023-02-05 08:00:00,1668.15,1673.81,1666.0,1669.96,8217.7806
2023-02-05 09:00:00,1669.96,1672.51,1665.18,1665.75,9920.8523
2023-02-05 10:00:00,1665.74,1670.44,1665.53,1668.96,6624.1541
2023-02-05 11:00:00,1668.96,1668.96,1660.86,1662.6,10261.4394
2023-02-05 12:00:00,1662.6,1664.58,1635.93,1648.2,50781.5756
2023-02-05 13:00:00,1648.19,1652.33,1640.69,1648.25,30105.2804
2023-02-05 14:00:00,1648.24,1655.34,1644.9,1651.95,14649.5106
2023-02-05 15:00:00,1651.96,1657.24,1640.55,1644.18,23049.5482
2023-02-05 16:00:00,1644.18,1647.45,1636.81,1639.09,22444.4704
2023-02-05 17:00:00,1639.08,1642.0,1615.46,1618.14,62449.1701
2023-02-05 18:00:00,1618.13,1624.52,1612.67,1615.69,22264.6321
2023-02-05 19:00:00,1615.69,1622.1,1609.3,1619.48,17751.2461
2023-02-05 20:00:00,1619.48,1623.18,1614.56,1619.11,9620.6454
2023-02-05 21:00:00,1619.1,1622.22,1611.8,1622.2,10420.2343
2023-02-05 22:00:00,1622.2,1639.6,1621.26,1634.27,14150.4928
2023-02-05 23:00:00,1634.28,1635.61,1627.12,1629.02,16200.4637
2023-02-06 00:00:00,1629.01,1642.53,1628.65,1639.04,16061.2212
2023-02-06 01:00:00,1639.03,1641.01,1630.81,1631.21,8642.9662
2023-02-06 02:00:00,1631.21,1633.91,1622.62,1622.63,12105.4854
2023-02-06 03:00:00,1622.62,1628.48,1617.85,1626.6,12539.6777
2023-02-06 04:00:00,1626.6,1629.6,1624.17,1624.69,5810.6957
2023-02-06 05:00:00,1624.69,1625.69,1608.53,1621.55,26422.652
2023-02-06 06:00:00,1621.56,1627.86,1619.47,1625.07,14053.7577
2023-02-06 07:00:00,1625.08,1635.69,1623.93,1635.41,12121.5214
2023-02-06 08:00:00,1635.41,1637.89,1629.21,1632.13,15286.7719
2023-02-06 09:00:00,1632.13,1635.59,1627.71,1630.07,11368.1175
2023-02-06 10:00:00,1630.07,1633.9,1627.26,1630.86,9815.1423
2023-02-06 11:00:00,1630.85,1636.44,1622.45,1634.81,18460.2911
2023-02-06 12:00:00,1634.81,1638.43,1627.04,1633.25,16194.5865
2023-02-06 13:00:00,1633.24,1637.51,1627.43,1628.64,10381.6391
2023-02-06 14:00:00,1628.63,1634.38,1623.07,1629.61,18951.4627
2023-02-06 15:00:00,1629.6,1649.3,1619.86,1649.01,34480.7809
2023-02-06 16:00:00,1649.0,1658.56,1639.81,1644.89,36631.3882
2023-02-06 17:00:00,1644.9,1651.45,1641.79,1647.48,11718.0313
2023-02-06 18:00:00,1647.49,1650.52,1640.48,1646.56,10378.4511
2023-02-06 19:00:00,1646.57,1655.0,1641.7,1648.29,11311.063
2023-02-06 20:00:00,1648.3,1649.34,1643.49,1646.82,7492.3636
2023-02-06 21:00:00,1646.82,1647.23,1635.41,1638.33,7257.2257
2023-02-06 22:00:00,1638.32,1638.77,1629.33,1632.85,10666.2319
2023-02-06 23:00:00,1632.86,1633.23,1605.01,1614.29,45967.8956
2023-02-07 00:00:00,1614.28,1621.74,1613.14,1620.23,14019.1862
2023-02-07 01:00:00,1620.24,1627.01,1619.89,1625.94,9131.1081
2023-02-07 02:00:00,1625.94,1630.0,1621.42,1629.43,9117.9509
2023-02-07 03:00:00,1629.43,1635.27,1626.88,1633.47,16674.9157
2023-02-07 04:00:00,1633.46,1637.77,1631.06,1631.87,12604.3039
2023-02-07 05:00:00,1631.86,1636.7,1631.69,1635.0,9850.9347
2023-02-07 06:00:00,1635.01,1638.06,1632.19,1633.05,11835.3037
2023-02-07 07:00:00,1633.05,1636.02,1631.14,1632.29,8174.0227
2023-02-07 08:00:00,1632.3,1633.0,1628.84,1630.4,13567.7283
2023-02-07 09:00:00,1630.41,1644.0,1630.4,1641.78,21021.0324
2023-02-07 10:00:00,1641.79,1647.87,1639.8,1642.64,15678.1667
2023-02-07 11:00:00,1642.64,1647.24,1640.7,1640.71,12306.3719
2023-02-07 12:00:00,1640.71,1644.92,1639.68,1643.9,9972.2809
2023-02-07 13:00:00,1643.9,1644.63,1633.91,1639.09,13459.1777
2023-02-07 14:00:00,1639.09,1641.33,1634.46,1636.99,15991.5225
2023-02-07 15:00:00,1636.98,1637.52,1626.63,1630.59,16930.3724
2023-02-07 16:00:00,1630.58,1643.76,1624.39,1638.41,19022.4845
2023-02-07 17:00:00,1638.4,1675.0,1629.02,1671.74,56572.6512
2023-02-07 18:00:00,1671.74,1678.37,1625.73,1638.78,66584.9319
2023-02-07 19:00:00,1638.78,1657.89,1638.05,1656.35,25726.1633
2023-02-07 20:00:00,1656.34,1668.65,1650.56,1665.12,18985.9848
2023-02-07 21:00:00,1665.12,1674.2,1664.0,1667.52,23519.4847
2023-02-07 22:00:00,1667.52,1671.99,1659.06,1665.31,14862.8242
2023-02-07 23:00:00,1665.32,1677.82,1665.31,1671.03,16313.4967
2023-02-08 00:00:00,1671.03,1690.0,1668.08,1687.48,31510.4739
2023-02-08 01:00:00,1687.49,1697.91,1681.17,1682.06,31182.5401
2023-02-08 02:00:00,1682.07,1683.94,1676.5,1676.56,13952.274
2023-02-08 03:00:00,1676.57,1683.3,1675.3,1680.97,10826.3422
2023-02-08 04:00:00,1680.97,1682.94,1678.33,1679.41,7391.0053
2023-02-08 05:00:00,1679.41,1680.41,1672.0,1675.82,11265.1623
2023-02-08 06:00:00,1675.82,1677.83,1671.93,1674.27,8396.6447
2023-02-08 07:00:00,1674.27,1679.15,1672.49,1677.67,9763.1997
2023-02-08 08:00:00,1677.67,1677.91,1669.41,1673.34,13169.3559
2023-02-08 09:00:00,1673.35,1675.61,1669.87,1673.17,11635.2149
2023-02-08 10:00:00,1673.18,1673.4,1667.9,1670.95,11650.4935
2023-02-08 11:00:00,1670.94,1676.03,1670.18,1673.9,9235.3644
2023-02-08 12:00:00,1673.9,1677.15,1669.61,1671.9,9974.8212
2023-02-08 13:00:00,1671.9,1676.44,1668.3,1674.64,18216.3982
2023-02-08 14:00:00,1674.64,1681.98,1661.68,1671.28,31971.224
2023-02-08 15:00:00,1671.28,1671.29,1649.51,1653.08,40209.5068
2023-02-08 16:00:00,1653.08,1654.85,1630.47,1653.47,55209.7895
2023-02-08 17:00:00,1653.47,1660.0,1647.37,1657.29,19551.9964
2023-02-08 18:00:00,1657.28,1659.99,1641.36,1646.41,20536.3748
2023-02-08 19:00:00,1646.42,1650.69,1642.75,1647.69,11223.3788
2023-02-08 20:00:00,1647.69,1649.02,1637.76,1642.07,14409.5781
2023-02-08 21:00:00,1642.06,1656.1,1640.27,1652.65,8817.5825
2023-02-08 22:00:00,1652.65,1655.51,1650.48,1650.9,5482.5568
2023-02-08 23:00:00,1650.9,1653.51,1642.37,1650.43,12384.9759
2023-02-09 00:00:00,1650.42,1655.41,1645.76,1654.76,14247.9024
2023-02-09 01:00:00,1654.75,1656.17,1649.7,1651.6,10437.5994
2023-02-09 02:00:00,1651.59,1652.07,1631.51,1632.4,25352.3334
2023-02-09 03:00:00,1632.41,1633.32,1608.8,1619.05,91901.2872
2023-02-09 04:00:00,1619.05,1627.31,1610.22,1623.85,26313.3341
2023-02-09 05:00:00,1623.84,1630.69,1622.29,1628.39,20128.2083
2023-02-09 06:00:00,1628.4,1636.65,1625.53,1634.24,14436.8732
2023-02-09 07:00:00,1634.23,1635.66,1629.66,1629.87,9690.2193
2023-02-09 08:00:00,1629.88,1637.33,1629.87,1632.48,11438.9009
2023-02-09 09:00:00,1632.49,1636.12,1630.55,1634.97,9485.3723
2023-02-09 10:00:00,1634.97,1635.13,1630.95,1633.24,6874.1604
2023-02-09 11:00:00,1633.24,1640.24,1630.03,1633.15,9956.2107
2023-02-09 12:00:00,1633.16,1643.44,1625.7,1636.41,16252.3296
2023-02-09 13:00:00,1636.4,1642.36,1634.05,1640.15,13586.9746
2023-02-09 14:00:00,1640.16,1649.24,1635.67,1637.59,22902.7366
2023-02-09 15:00:00,1637.59,1640.2,1628.1,1632.08,16439.4653
2023-02-09 16:00:00,1632.07,1633.67,1616.53,1622.81,30108.7015
2023-02-09 17:00:00,1622.8,1629.06,1616.0,1623.56,20590.4361
2023-02-09 18:00:00,1623.57,1630.97,1619.81,1621.84,19636.9326
2023-02-09 19:00:00,1621.85,1622.86,1560.47,1579.81,90014.004
2023-02-09 20:00:00,1579.8,1582.45,1565.03,1577.1,36564.784
2023-02-09 21:00:00,1577.1,1578.07,1524.4,1540.55,78708.7982
2023-02-09 22:00:00,1540.56,1550.26,1527.93,1537.99,39492.8074
2023-02-09 23:00:00,1537.99,1549.98,1537.08,1545.35,23451.3249
2023-02-10 00:00:00,1545.35,1555.01,1541.8,1548.52,29861.634
2023-02-10 01:00:00,1548.51,1553.16,1544.04,1549.84,23468.0009
2023-02-10 02:00:00,1549.85,1550.75,1542.0,1548.88,15522.9736
2023-02-10 03:00:00,1548.88,1549.16,1542.07,1543.22,13864.259
2023-02-10 04:00:00,1543.23,1544.85,1531.2,1538.5,20716.31
2023-02-10 05:00:00,1538.49,1546.95,1529.36,1541.57,25506.4957
2023-02-10 06:00:00,1541.58,1549.15,1539.77,1548.44,12201.8016
2023-02-10 07:00:00,1548.44,1552.88,1543.47,1551.7,12834.619
2023-02-10 08:00:00,1551.7,1554.46,1548.85,1550.83,14028.9195
2023-02-10 09:00:00,1550.83,1552.53,1545.36,1545.77,7868.2931
2023-02-10 10:00:00,1545.76,1547.31,1541.84,1546.15,9717.2699
2023-02-10 11:00:00,1546.15,1546.15,1534.04,1537.03,20080.7658
2023-02-10 12:00:00,1537.04,1542.54,1532.02,1534.13,19484.0341
2023-02-10 13:00:00,1534.12,1542.52,1533.98,1537.61,14955.8667
2023-02-10 14:00:00,1537.61,1548.01,1535.17,1543.49,16981.5821
2023-02-10 15:00:00,1543.48,1547.78,1506.0,1522.36,44229.7672
2023-02-10 16:00:00,1522.35,1534.0,1514.62,1519.78,31543.5326
2023-02-10 17:00:00,1519.77,1526.3,1515.15,1526.3,17171.9924
2023-02-10 18:00:00,1526.3,1528.41,1522.73,1527.33,14218.9214
2023-02-10 19:00:00,1527.34,1539.19,1523.33,1534.28,32108.883
2023-02-10 20:00:00,1534.29,1535.39,1528.13,1529.59,7533.1147
2023-02-10 21:00:00,1529.6,1529.8,1490.0,1505.53,48056.6142
2023-02-10 22:00:00,1505.54,1516.74,1503.84,1508.51,19718.5505
2023-02-10 23:00:00,1508.51,1518.7,1504.46,1513.06,12980.0189
2023-02-11 00:00:00,1513.05,1517.87,1507.53,1515.83,23281.1681
2023-02-11 01:00:00,1515.83,1518.38,1509.52,1512.48,10412.0634
2023-02-11 02:00:00,1512.47,1516.99,1511.96,1516.74,6924.9679
2023-02-11 03:00:00,1516.74,1523.58,1516.28,1520.38,8484.6357
2023-02-11 04:00:00,1520.38,1521.13,1518.17,1520.0,4491.8376
2023-02-11 05:00:00,1520.01,1521.4,1516.23,1517.68,6933.2952
2023-02-11 06:00:00,1517.67,1519.26,1514.96,1518.71,6215.4438
2023-02-11 07:00:00,1518.7,1523.29,1516.0,1520.81,6738.2804
2023-02-11 08:00:00,1520.8,1526.8,1518.97,1522.79,28786.5098
2023-02-11 09:00:00,1522.78,1524.78,1521.0,1522.36,6685.5403
2023-02-11 10:00:00,1522.37,1523.01,1515.0,1518.82,29908.1784
2023-02-11 11:00:00,1518.83,1520.52,1516.87,1520.16,4748.5946
2023-02-11 12:00:00,1520.16,1525.19,1515.0,1519.55,12966.1148
2023-02-11 13:00:00,1519.54,1523.55,1517.91,1523.15,10732.1248
2023-02-11 14:00:00,1523.15,1526.71,1519.16,1525.51,12230.8355
2023-02-11 15:00:00,1525.5,1526.52,1520.38,1522.83,11425.5614
2023-02-11 16:00:00,1522.83,1522.99,1516.53,1517.9,10581.2428
2023-02-11 17:00:00,1517.91,1518.32,1515.0,1518.18,7848.9917
2023-02-11 18:00:00,1518.17,1521.39,1505.0,1514.77,19828.7453
2023-02-11 19:00:00,1514.76,1519.23,1514.2,1518.58,6296.4327
2023-02-11 20:00:00,1518.58,1523.5,1516.65,1520.43,9094.32
2023-02-11 21:00:00,1520.43,1537.02,1518.83,1534.41,18760.8977
2023-02-11 22:00:00,1534.41,1542.64,1530.66,1536.28,14071.5358
2023-02-11 23:00:00,1536.27,1543.0,1535.25,1538.51,12244.2531
2023-02-12 00:00:00,1538.5,1539.27,1533.15,1533.88,11284.8888
2023-02-12 01:00:00,1533.88,1535.71,1532.08,1533.61,6493.6025
2023-02-12 02:00:00,1533.6,1536.08,1530.05,1535.23,5677.6053
2023-02-12 03:00:00,1535.23,1535.38,1531.13,1531.15,5513.0392
2023-02-12 04:00:00,1531.15,1531.97,1528.97,1531.8,5944.9387
2023-02-12 05:00:00,1531.8,1533.91,1531.12,1533.71,4290.783
2023-02-12 06:00:00,1533.72,1534.56,1531.5,1533.2,4702.7124
2023-02-12 07:00:00,1533.2,1533.2,1530.05,1530.83,4824.2401
2023-02-12 08:00:00,1530.84,1535.45,1530.83,1531.47,4755.3242
2023-02-12 09:00:00,1531.48,1540.06,1531.0,1536.94,11570.3523
2023-02-12 10:00:00,1536.94,1538.93,1531.84,1535.81,7837.4547
2023-02-12 11:00:00,1535.8,1536.32,1532.7,1533.48,6122.4275
2023-02-12 12:00:00,1533.47,1535.31,1521.12,1525.58,18420.9476
2023-02-12 13:00:00,1525.57,1528.55,1521.43,1526.26,11720.5771
2023-02-12 14:00:00,1526.27,1537.67,1524.67,1532.63,12458.6172
2023-02-12 15:00:00,1532.64,1541.0,1530.0,1536.09,14457.6205
2023-02-12 16:00:00,1536.09,1548.02,1534.23,1543.06,25979.7883
2023-02-12 17:00:00,1543.05,1546.37,1539.77,1540.98,13857.5343
2023-02-12 18:00:00,1540.97,1542.49,1538.04,1539.55,8212.0274
2023-02-12 19:00:00,1539.56,1542.03,1535.89,1539.23,6511.003
2023-02-12 20:00:00,1539.23,1541.96,1536.67,1538.06,4905.3184
2023-02-12 21:00:00,1538.06,1538.44,1508.33,1511.23,32827.4975
2023-02-12 22:00:00,1511.22,1515.1,1493.08,1513.36,43552.6455
2023-02-12 23:00:00,1513.35,1517.42,1509.1,1514.83,14837.4285
2023-02-13 00:00:00,1514.82,1524.62,1506.02,1518.29,23889.89
2023-02-13 01:00:00,1518.28,1520.0,1501.59,1507.03,26181.1974
2023-02-13 02:00:00,1507.04,1512.71,1496.67,1512.14,25027.3864
2023-02-13 03:00:00,1512.15,1518.0,1511.17,1516.81,8694.417
2023-02-13 04:00:00,1516.82,1522.71,1516.02,1518.51,13065.8348
2023-02-13 05:00:00,1518.5,1520.95,1517.14,1518.66,6146.1646
2023-02-13 06:00:00,1518.67,1520.06,1517.06,1519.41,6574.1293
2023-02-13 07:00:00,1519.41,1526.1,1517.42,1522.39,21759.9657
2023-02-13 08:00:00,1522.39,1522.83,1504.18,1506.19,37517.8409
2023-02-13 09:00:00,1506.18,1510.2,1472.03,1482.36,114337.6485
2023-02-13 10:00:00,1482.36,1487.97,1466.0,1482.54,57956.0094
2023-02-13 11:00:00,1482.54,1489.01,1481.4,1486.07,24881.1675
2023-02-13 12:00:00,1486.07,1491.89,1484.06,1487.32,19492.9124
2023-02-13 13:00:00,1487.31,1488.8,1477.66,1477.98,28307.8035
2023-02-13 14:00:00,1477.99,1489.01,1477.69,1488.77,28081.3601
2023-02-13 15:00:00,1488.76,1489.78,1475.4,1475.71,23607.6505
2023-02-13 16:00:00,1475.71,1487.88,1461.93,1475.61,44987.3138
2023-02-13 17:00:00,1475.61,1480.13,1462.22,1472.62,25148.548
2023-02-13 18:00:00,1472.61,1493.91,1471.85,1488.96,28848.2995
2023-02-13 19:00:00,1488.96,1492.54,1484.66,1490.78,13501.3166
2023-02-13 20:00:00,1490.78,1492.46,1486.12,1489.01,12519.7065
2023-02-13 21:00:00,1489.0,1490.06,1482.18,1485.26,11782.7685
2023-02-13 22:00:00,1485.26,1495.0,1484.32,1491.6,11149.7833
2023-02-13 23:00:00,1491.6,1510.43,1490.75,1505.24,29693.2762
2023-02-14 00:00:00,1505.25,1508.72,1500.02,1500.92,12285.5793
2023-02-14 01:00:00,1500.92,1502.9,1494.09,1499.18,13845.0694
2023-02-14 02:00:00,1499.18,1504.69,1497.75,1498.25,14317.398
2023-02-14 03:00:00,1498.26,1503.15,1497.51,1498.23,9271.6796
2023-02-14 04:00:00,1498.24,1502.2,1496.81,1498.48,9451.1156
2023-02-14 05:00:00,1498.47,1501.99,1498.43,1501.51,6951.4471
2023-02-14 06:00:00,1501.52,1505.46,1500.34,1503.64,13587.8278
2023-02-14 07:00:00,1503.65,1507.62,1502.71,1506.0,10876.2602
2023-02-14 08:00:00,1506.01,1506.33,1497.19,1498.42,14172.1685
2023-02-14 09:00:00,1498.42,1519.82,1497.09,1511.92,21293.1907
2023-02-14 10:00:00,1511.91,1514.76,1507.71,1509.13,14782.1914
2023-02-14 11:00:00,1509.12,1510.29,1504.6,1507.7,9483.3671
2023-02-14 12:00:00,1507.7,1514.73,1507.17,1511.22,12411.474
2023-02-14 13:00:00,1511.22,1526.99,1482.66,1514.48,141126.1633
2023-02-14 14:00:00,1514.48,1563.99,1495.61,1554.76,110089.9501
2023-02-14 15:00:00,1554.76,1569.0,1532.82,1544.83,85620.7055
2023-02-14 16:00:00,1544.84,1554.29,1534.02,1539.7,42232.242
2023-02-14 17:00:00,1539.71,1547.48,1539.36,1545.84,17099.4559
2023-02-14 18:00:00,1545.84,1553.73,1545.4,1550.7,24948.7925
2023-02-14 19:00:00,1550.69,1564.69,1546.55,1560.31,27973.6484
2023-02-14 20:00:00,1560.31,1564.07,1554.54,1556.89,19649.1236
2023-02-14 21:00:00,1556.89,1557.59,1549.3,1555.48,15663.1412
2023-02-14 22:00:00,1555.48,1558.41,1551.06,1554.54,10562.899
2023-02-14 23:00:00,1554.53,1561.91,1552.18,1555.71,11269.4866
2023-02-15 00:00:00,1555.7,1557.43,1547.56,1549.9,13392.152
2023-02-15 01:00:00,1549.89,1551.98,1547.36,1549.17,9279.677
2023-02-15 02:00:00,1549.17,1550.56,1542.55,1544.57,10068.5463
2023-02-15 03:00:00,1544.58,1552.22,1543.42,1549.22,12733.2183
2023-02-15 04:00:00,1549.22,1550.98,1546.34,1547.11,7411.0236
2023-02-15 05:00:00,1547.12,1552.06,1547.11,1550.28,8507.4909
2023-02-15 06:00:00,1550.29,1552.09,1547.28,1549.72,8221.9047
2023-02-15 07:00:00,1549.72,1551.58,1544.65,1547.56,9136.4548
2023-02-15 08:00:00,1547.56,1549.16,1544.5,1546.24,8894.3156
2023-02-15 09:00:00,1546.23,1552.0,1546.23,1550.98,10795.5465
2023-02-15 10:00:00,1550.98,1560.31,1549.33,1555.89,14387.0875
2023-02-15 11:00:00,1555.88,1580.0,1553.89,1572.26,38778.7872
2023-02-15 12:00:00,1572.26,1593.67,1572.26,1585.11,69138.2786
2023-02-15 13:00:00,1585.11,1585.46,1573.26,1577.75,33606.3332
2023-02-15 14:00:00,1577.76,1580.82,1566.86,1572.15,34733.3242
2023-02-15 15:00:00,1572.14,1582.97,1570.76,1579.5,27696.9146
2023-02-15 16:00:00,1579.5,1589.8,1576.07,1576.08,29385.8702
2023-02-15 17:00:00,1576.08,1583.3,1573.47,1581.05,11066.288
2023-02-15 18:00:00,1581.04,1596.26,1577.5,1591.4,19847.192
2023-02-15 19:00:00,1591.4,1629.32,1588.42,1628.54,58281.357
2023-02-15 20:00:00,1628.54,1680.0,1624.25,1665.83,71607.9998
2023-02-15 21:00:00,1665.83,1675.75,1660.83,1665.8,26800.9672
2023-02-15 22:00:00,1665.8,1675.0,1662.93,1665.78,23836.4867
2023-02-15 23:00:00,1665.78,1678.0,1664.92,1674.92,23600.6427
2023-02-16 00:00:00,1674.92,1712.24,1672.53,1685.72,71884.9418
2023-02-16 01:00:00,1685.72,1694.68,1685.0,1693.71,22009.1107
2023-02-16 02:00:00,1693.72,1700.0,1692.28,1692.71,28427.6306
2023-02-16 03:00:00,1692.7,1694.49,1690.81,1691.42,21043.4491
2023-02-16 04:00:00,1691.41,1695.99,1686.59,1694.21,22985.4163
2023-02-16 05:00:00,1694.23,1697.51,1692.65,1693.26,19743.9462
2023-02-16 06:00:00,1693.26,1696.84,1683.04,1684.98,22455.4256
2023-02-16 07:00:00,1684.98,1688.59,1675.0,1681.89,32856.6757
2023-02-16 08:00:00,1681.9,1686.13,1678.25,1682.25,18643.4236
2023-02-16 09:00:00,1682.24,1689.27,1680.06,1687.94,18269.1685
2023-02-16 10:00:00,1687.94,1692.62,1684.63,1687.04,18486.4504
2023-02-16 11:00:00,1687.05,1687.2,1680.0,1682.82,15922.6365
2023-02-16 12:00:00,1682.82,1690.0,1680.0,1687.3,15795.0606
2023-02-16 13:00:00,1687.29,1695.68,1668.02,1675.49,44675.5927
2023-02-16 14:00:00,1675.49,1682.5,1665.24,1678.87,35063.2973
2023-02-16 15:00:00,1678.87,1728.69,1675.66,1724.14,86203.1172
2023-02-16 16:00:00,1724.14,1742.97,1686.76,1716.68,102917.2668
2023-02-16 17:00:00,1716.68,1721.57,1706.57,1715.69,30666.9297
2023-02-16 18:00:00,1715.69,1721.9,1712.19,1716.69,22592.782
2023-02-16 19:00:00,1716.68,1718.19,1706.83,1710.85,15820.9291
2023-02-16 20:00:00,1710.85,1711.11,1680.0,1685.0,48306.9061
2023-02-16 21:00:00,1684.99,1685.0,1667.54,1683.09,29334.8239
2023-02-16 22:00:00,1683.09,1684.89,1641.4,1646.09,43934.4376
2023-02-16 23:00:00,1646.09,1657.06,1633.72,1637.84,44684.2551
2023-02-17 00:00:00,1637.83,1656.1,1630.51,1653.23,36275.477
2023-02-17 01:00:00,1653.22,1664.54,1650.57,1663.54,23275.0839
2023-02-17 02:00:00,1663.53,1664.51,1657.0,1658.02,15597.166
2023-02-17 03:00:00,1658.02,1670.05,1656.71,1663.77,19070.0864
2023-02-17 04:00:00,1663.77,1665.46,1653.96,1659.14,25223.5338
2023-02-17 05:00:00,1659.13,1659.45,1653.61,1655.79,13637.3694
2023-02-17 06:00:00,1655.79,1659.28,1653.61,1657.0,10586.3106
2023-02-17 07:00:00,1657.0,1665.17,1651.67,1653.45,15826.1978
2023-02-17 08:00:00,1653.46,1664.31,1648.4,1664.19,22189.3871
2023-02-17 09:00:00,1664.19,1674.75,1660.54,1663.46,17824.5693
2023-02-17 10:00:00,1663.47,1667.02,1660.69,1664.61,14621.158
2023-02-17 11:00:00,1664.62,1669.63,1663.91,1666.2,12209.3745
2023-02-17 12:00:00,1666.2,1668.61,1664.25,1665.24,13214.6437
2023-02-17 13:00:00,1665.24,1666.0,1657.46,1660.89,16674.2921
2023-02-17 14:00:00,1660.89,1683.55,1646.09,1659.09,58965.2858
2023-02-17 15:00:00,1659.08,1682.03,1658.12,1673.11,38876.3669
2023-02-17 16:00:00,1673.11,1684.94,1662.27,1672.92,32535.1283
2023-02-17 17:00:00,1672.92,1708.8,1672.56,1687.58,53253.1048
2023-02-17 18:00:00,1687.57,1697.59,1685.47,1695.57,19709.6962
2023-02-17 19:00:00,1695.57,1709.25,1685.87,1706.03,20309.7133
2023-02-17 20:00:00,1706.04,1722.0,1702.79,1710.87,36305.2943
2023-02-17 21:00:00,1710.86,1712.67,1690.78,1693.26,16953.6033
2023-02-17 22:00:00,1693.26,1703.8,1669.72,1698.73,33379.0204
2023-02-17 23:00:00,1698.73,1702.78,1692.47,1693.87,13422.8001
2023-02-18 00:00:00,1693.81,1703.44,1692.14,1694.88,23168.6596
2023-02-18 01:00:00,1694.89,1704.46,1692.79,1702.51,15479.5815
2023-02-18 02:00:00,1702.5,1703.91,1694.81,1695.53,10932.4329
2023-02-18 03:00:00,1695.53,1699.85,1694.58,1699.46,8084.9155
2023-02-18 04:00:00,1699.45,1703.99,1699.38,1699.6,8554.5127
2023-02-18 05:00:00,1699.6,1700.2,1696.02,1698.44,7392.9244
2023-02-18 06:00:00,1698.45,1699.47,1695.0,1696.14,10703.307
2023-02-18 07:00:00,1696.13,1696.14,1686.11,1690.72,18577.474
2023-02-18 08:00:00,1690.71,1694.51,1687.77,1693.74,8511.1086
2023-02-18 09:00:00,1693.75,1695.58,1692.44,1693.59,5834.7668
2023-02-18 10:00:00,1693.59,1694.28,1685.69,1687.15,10182.8688
2023-02-18 11:00:00,1687.15,1693.31,1686.43,1691.47,8840.6883
2023-02-18 12:00:00,1691.47,1699.49,1686.64,1698.34,12774.384
2023-02-18 13:00:00,1698.35,1699.43,1693.03,1694.44,9517.6164
2023-02-18 14:00:00,1694.44,1698.76,1690.61,1696.24,11973.1532
2023-02-18 15:00:00,1696.25,1699.0,1692.41,1695.5,9606.582
2023-02-18 16:00:00,1695.5,1696.23,1691.57,1693.26,11720.9288
2023-02-18 17:00:00,1693.25,1695.69,1688.8,1694.99,10746.5709
2023-02-18 18:00:00,1695.0,1713.13,1687.52,1693.58,26974.4501
2023-02-18 19:00:00,1693.58,1695.0,1682.8,1687.85,11286.9583
2023-02-18 20:00:00,1687.85,1688.27,1679.77,1682.58,10568.0908
2023-02-18 21:00:00,1682.59,1687.59,1681.81,1687.43,4782.4397
2023-02-18 22:00:00,1687.42,1691.8,1686.26,1689.97,5572.3305
2023-02-18 23:00:00,1689.97,1693.71,1688.2,1691.62,5519.0365
2023-02-19 00:00:00,1691.62,1700.62,1689.76,1698.71,10021.4209
2023-02-19 01:00:00,1698.7,1700.0,1689.5,1693.53,10670.564
2023-02-19 02:00:00,1693.52,1698.06,1693.07,1694.3,8451.3837
2023-02-19 03:00:00,1694.3,1698.2,1693.57,1695.42,7154.1433
2023-02-19 04:00:00,1695.42,1699.56,1694.0,1697.72,5848.3292
2023-02-19 05:00:00,1697.71,1709.63,1696.0,1701.98,20756.9013
2023-02-19 06:00:00,1701.97,1702.12,1693.48,1695.46,22101.3796
2023-02-19 07:00:00,1695.46,1698.15,1692.19,1693.15,13596.757
2023-02-19 08:00:00,1693.15,1696.11,1691.89,1692.82,8422.0312
2023-02-19 09:00:00,1692.83,1695.07,1692.12,1693.15,5743.8059
2023-02-19 10:00:00,1693.15,1699.0,1690.8,1695.68,8594.3796
2023-02-19 11:00:00,1695.68,1700.85,1695.16,1695.36,8824.1005
2023-02-19 12:00:00,1695.36,1698.05,1694.51,1696.99,6951.141
2023-02-19 13:00:00,1696.99,1697.84,1694.42,1695.2,12055.9361
2023-02-19 14:00:00,1695.19,1707.64,1695.19,1704.44,18897.0674
2023-02-19 15:00:00,1704.44,1723.85,1697.33,1711.3,47561.3216
2023-02-19 16:00:00,1711.3,1726.59,1690.0,1698.82,48125.0928
2023-02-19 17:00:00,1698.81,1702.5,1675.96,1682.56,42096.102
2023-02-19 18:00:00,1682.56,1688.1,1678.24,1685.62,14802.5562
2023-02-19 19:00:00,1685.63,1690.13,1683.49,1684.8,11298.9282
2023-02-19 20:00:00,1684.8,1687.81,1666.14,1686.97,28031.4114
2023-02-19 21:00:00,1686.98,1687.14,1682.07,1685.97,12684.4748
2023-02-19 22:00:00,1685.97,1688.85,1681.75,1685.55,7566.9437
2023-02-19 23:00:00,1685.54,1685.55,1680.19,1683.58,3143.3014
